trial_id,selection,technique,no_of_grids,target_no,target_location,time_taken_ms,distance_traveled_px,no_of_attempts,no_of_visited_cells,tot_dist_travelled_left_palm,tot_dist_travelled_right_palm,landmarks_left,landmarks_right
138,dwell,S2H_ABS,3,8,"(2,1)",54.199599,0.000000,0,0,0.000000,0.000000,"(0.476427,0.743112),(0.530131,0.723087),(0.579048,0.694689),(0.621286,0.678365),(0.652673,0.684812),(0.542989,0.560905),(0.551639,0.487114),(0.560235,0.445294),(0.570887,0.408874),(0.509295,0.544843),(0.515720,0.463709),(0.526212,0.414732),(0.540609,0.378053),(0.478088,0.549463),(0.473075,0.469099),(0.477437,0.422737),(0.487744,0.385617),(0.447422,0.572953),(0.421356,0.517946),(0.406824,0.483266),(0.398632,0.448000)","(0.476427,0.743112),(0.530131,0.723087),(0.579048,0.694689),(0.621286,0.678365),(0.652673,0.684812),(0.542989,0.560905),(0.551639,0.487114),(0.560235,0.445294),(0.570887,0.408874),(0.509295,0.544843),(0.515720,0.463709),(0.526212,0.414732),(0.540609,0.378053),(0.478088,0.549463),(0.473075,0.469099),(0.477437,0.422737),(0.487744,0.385617),(0.447422,0.572953),(0.421356,0.517946),(0.406824,0.483266),(0.398632,0.448000)"
138,dwell,S2H_ABS,3,8,"(2,1)",98.332732,11.401754,0,0,0.000000,2.000000,"(0.476128,0.742660),(0.530255,0.722120),(0.579577,0.692870),(0.621747,0.675879),(0.652630,0.682935),(0.544122,0.560958),(0.552815,0.487350),(0.561259,0.445743),(0.571826,0.409286),(0.510442,0.544599),(0.516861,0.463344),(0.527305,0.414323),(0.541850,0.377364),(0.479183,0.548944),(0.474413,0.468315),(0.478719,0.421622),(0.489114,0.384117),(0.448352,0.572312),(0.422387,0.517297),(0.407895,0.482516),(0.399688,0.447162)","(0.476128,0.742660),(0.530255,0.722120),(0.579577,0.692870),(0.621747,0.675879),(0.652630,0.682935),(0.544122,0.560958),(0.552815,0.487350),(0.561259,0.445743),(0.571826,0.409286),(0.510442,0.544599),(0.516861,0.463344),(0.527305,0.414323),(0.541850,0.377364),(0.479183,0.548944),(0.474413,0.468315),(0.478719,0.421622),(0.489114,0.384117),(0.448352,0.572312),(0.422387,0.517297),(0.407895,0.482516),(0.399688,0.447162)"
