trial_id,selection,technique,no_of_grids,target_no,target_location,time_taken_ms,distance_traveled_px,no_of_attempts,no_of_visited_cells,tot_dist_travelled_left_palm,tot_dist_travelled_right_palm,landmarks_left,landmarks_right
189,dwell,H2S,5,9,"(4,3)",47.955315,0.000000,0,0,0.000000,0.000000,"(0.268358,0.722250),(0.323789,0.691654),(0.372229,0.647589),(0.410281,0.616368),(0.439696,0.613339),(0.318627,0.536903),(0.328203,0.467180),(0.332620,0.422912),(0.336066,0.381841),(0.281503,0.527326),(0.279514,0.449519),(0.280434,0.404380),(0.283014,0.367538),(0.248951,0.535680),(0.236325,0.462450),(0.232590,0.418588),(0.232907,0.380611),(0.218949,0.561633),(0.186531,0.515550),(0.166083,0.486010),(0.149867,0.452764)","(0.268358,0.722250),(0.323789,0.691654),(0.372229,0.647589),(0.410281,0.616368),(0.439696,0.613339),(0.318627,0.536903),(0.328203,0.467180),(0.332620,0.422912),(0.336066,0.381841),(0.281503,0.527326),(0.279514,0.449519),(0.280434,0.404380),(0.283014,0.367538),(0.248951,0.535680),(0.236325,0.462450),(0.232590,0.418588),(0.232907,0.380611),(0.218949,0.561633),(0.186531,0.515550),(0.166083,0.486010),(0.149867,0.452764)"
189,dwell,H2S,5,9,"(4,3)",100.007543,12.041595,0,0,1.000000,3.000000,"(0.269564,0.721201),(0.324677,0.691917),(0.373737,0.648895),(0.412821,0.620078),(0.444162,0.621270),(0.319898,0.537994),(0.328987,0.468839),(0.333464,0.424007),(0.336882,0.382905),(0.282739,0.528257),(0.281159,0.451107),(0.281962,0.405380),(0.284202,0.368430),(0.250028,0.536301),(0.237807,0.463088),(0.233564,0.418358),(0.233274,0.379965),(0.219702,0.561741),(0.187692,0.515101),(0.166816,0.485182),(0.150111,0.451887)","(0.269564,0.721201),(0.324677,0.691917),(0.373737,0.648895),(0.412821,0.620078),(0.444162,0.621270),(0.319898,0.537994),(0.328987,0.468839),(0.333464,0.424007),(0.336882,0.382905),(0.282739,0.528257),(0.281159,0.451107),(0.281962,0.405380),(0.284202,0.368430),(0.250028,0.536301),(0.237807,0.463088),(0.233564,0.418358),(0.233274,0.379965),(0.219702,0.561741),(0.187692,0.515101),(0.166816,0.485182),(0.150111,0.451887)"
