trial_id,selection,technique,no_of_grids,target_no,target_location,time_taken_ms,distance_traveled_px,no_of_attempts,no_of_visited_cells,tot_dist_travelled_left_palm,tot_dist_travelled_right_palm,landmarks_left,landmarks_right
207,dwell,H2S,3,17,"(2,0)",46.314666,0.000000,1,0,0.000000,0.000000,"(0.264017,0.710772),(0.314961,0.697167),(0.357171,0.668610),(0.383293,0.647394),(0.401110,0.644992),(0.327987,0.547232),(0.343825,0.486410),(0.351944,0.445447),(0.357073,0.407523),(0.292747,0.530696),(0.297327,0.459574),(0.301449,0.416007),(0.304677,0.381452),(0.260786,0.534286),(0.253452,0.465136),(0.251258,0.421108),(0.251823,0.385047),(0.229736,0.555677),(0.203544,0.508175),(0.185946,0.476300),(0.172073,0.443551)","(0.264017,0.710772),(0.314961,0.697167),(0.357171,0.668610),(0.383293,0.647394),(0.401110,0.644992),(0.327987,0.547232),(0.343825,0.486410),(0.351944,0.445447),(0.357073,0.407523),(0.292747,0.530696),(0.297327,0.459574),(0.301449,0.416007),(0.304677,0.381452),(0.260786,0.534286),(0.253452,0.465136),(0.251258,0.421108),(0.251823,0.385047),(0.229736,0.555677),(0.203544,0.508175),(0.185946,0.476300),(0.172073,0.443551)"
207,dwell,H2S,3,17,"(2,0)",100.048321,10.630146,1,0,0.000000,4.123106,"(0.264992,0.709700),(0.316425,0.696268),(0.360316,0.667386),(0.390033,0.647248),(0.411009,0.645069),(0.327049,0.546347),(0.342463,0.485000),(0.350670,0.444011),(0.356252,0.405789),(0.292329,0.530609),(0.296444,0.459038),(0.300245,0.415960),(0.303305,0.381290),(0.260615,0.534525),(0.253005,0.465047),(0.250949,0.421856),(0.251673,0.386024),(0.229951,0.555971),(0.203569,0.508352),(0.186025,0.477236),(0.172030,0.444823)","(0.264992,0.709700),(0.316425,0.696268),(0.360316,0.667386),(0.390033,0.647248),(0.411009,0.645069),(0.327049,0.546347),(0.342463,0.485000),(0.350670,0.444011),(0.356252,0.405789),(0.292329,0.530609),(0.296444,0.459038),(0.300245,0.415960),(0.303305,0.381290),(0.260615,0.534525),(0.253005,0.465047),(0.250949,0.421856),(0.251673,0.386024),(0.229951,0.555971),(0.203569,0.508352),(0.186025,0.477236),(0.172030,0.444823)"
