trial_id,selection,technique,no_of_grids,target_no,target_location,time_taken_ms,distance_traveled_px,no_of_attempts,no_of_visited_cells,tot_dist_travelled_left_palm,tot_dist_travelled_right_palm,landmarks_left,landmarks_right
33,dwell,S2H_ABS,3,0,"(1,0)",48.832224,0.000000,0,0,0.000000,0.000000,"(0.343011,0.674823),(0.393804,0.645850),(0.432451,0.593934),(0.457703,0.546751),(0.482093,0.516352),(0.385970,0.514503),(0.399239,0.453659),(0.406270,0.417839),(0.414646,0.382793),(0.353032,0.506319),(0.355868,0.440304),(0.359622,0.397899),(0.366413,0.361111),(0.323782,0.512505),(0.319572,0.448693),(0.322440,0.407002),(0.329014,0.372500),(0.295480,0.531532),(0.276651,0.484699),(0.266052,0.450576),(0.258953,0.418150)","(0.343011,0.674823),(0.393804,0.645850),(0.432451,0.593934),(0.457703,0.546751),(0.482093,0.516352),(0.385970,0.514503),(0.399239,0.453659),(0.406270,0.417839),(0.414646,0.382793),(0.353032,0.506319),(0.355868,0.440304),(0.359622,0.397899),(0.366413,0.361111),(0.323782,0.512505),(0.319572,0.448693),(0.322440,0.407002),(0.329014,0.372500),(0.295480,0.531532),(0.276651,0.484699),(0.266052,0.450576),(0.258953,0.418150)"
33,dwell,S2H_ABS,3,0,"(1,0)",95.923719,10.049876,0,0,0.000000,1.000000,"(0.342717,0.674327),(0.393501,0.645198),(0.431956,0.593614),(0.456841,0.546614),(0.481199,0.516415),(0.385617,0.514792),(0.398923,0.453670),(0.406034,0.417797),(0.414418,0.382811),(0.352745,0.506685),(0.355668,0.440598),(0.359419,0.398087),(0.366189,0.361264),(0.323501,0.513093),(0.319349,0.449094),(0.322056,0.407200),(0.328471,0.372557),(0.295211,0.532277),(0.276322,0.485226),(0.265472,0.451041),(0.258140,0.418485)","(0.342717,0.674327),(0.393501,0.645198),(0.431956,0.593614),(0.456841,0.546614),(0.481199,0.516415),(0.385617,0.514792),(0.398923,0.453670),(0.406034,0.417797),(0.414418,0.382811),(0.352745,0.506685),(0.355668,0.440598),(0.359419,0.398087),(0.366189,0.361264),(0.323501,0.513093),(0.319349,0.449094),(0.322056,0.407200),(0.328471,0.372557),(0.295211,0.532277),(0.276322,0.485226),(0.265472,0.451041),(0.258140,0.418485)"
