trial_id,selection,technique,no_of_grids,target_no,target_location,time_taken_ms,distance_traveled_px,no_of_attempts,no_of_visited_cells,tot_dist_travelled_left_palm,tot_dist_travelled_right_palm,landmarks_left,landmarks_right
51,dwell,S2H_ABS,3,9,"(2,1)",43.557621,0.000000,1,0,0.000000,0.000000,"(0.541295,0.796156),(0.579874,0.786176),(0.615038,0.758803),(0.644111,0.745764),(0.666453,0.749154),(0.586065,0.660076),(0.593396,0.604742),(0.603810,0.570689),(0.614749,0.542906),(0.564117,0.653403),(0.570171,0.593851),(0.582901,0.555167),(0.597220,0.528138),(0.543587,0.660977),(0.541099,0.602730),(0.550462,0.565433),(0.563653,0.539135),(0.524588,0.680550),(0.507856,0.638940),(0.502157,0.610558),(0.501161,0.583851)","(0.541295,0.796156),(0.579874,0.786176),(0.615038,0.758803),(0.644111,0.745764),(0.666453,0.749154),(0.586065,0.660076),(0.593396,0.604742),(0.603810,0.570689),(0.614749,0.542906),(0.564117,0.653403),(0.570171,0.593851),(0.582901,0.555167),(0.597220,0.528138),(0.543587,0.660977),(0.541099,0.602730),(0.550462,0.565433),(0.563653,0.539135),(0.524588,0.680550),(0.507856,0.638940),(0.502157,0.610558),(0.501161,0.583851)"
51,dwell,S2H_ABS,3,9,"(2,1)",83.587504,8.246211,1,0,1.000000,1.414214,"(0.541509,0.796323),(0.579719,0.786105),(0.615059,0.757779),(0.644289,0.744508),(0.666417,0.748396),(0.585683,0.659872),(0.592626,0.604578),(0.602965,0.570566),(0.613973,0.542753),(0.563760,0.653325),(0.569399,0.593733),(0.582073,0.555001),(0.596572,0.527985),(0.543261,0.660754),(0.540560,0.602620),(0.549904,0.565553),(0.563160,0.539452),(0.524305,0.680041),(0.507661,0.638429),(0.502096,0.610070),(0.501252,0.583196)","(0.541509,0.796323),(0.579719,0.786105),(0.615059,0.757779),(0.644289,0.744508),(0.666417,0.748396),(0.585683,0.659872),(0.592626,0.604578),(0.602965,0.570566),(0.613973,0.542753),(0.563760,0.653325),(0.569399,0.593733),(0.582073,0.555001),(0.596572,0.527985),(0.543261,0.660754),(0.540560,0.602620),(0.549904,0.565553),(0.563160,0.539452),(0.524305,0.680041),(0.507661,0.638429),(0.502096,0.610070),(0.501252,0.583196)"
